[
    { 
        "service_title": "EVENT MANAGEMENT",
        "service_details":" Event management is all about taking the concept of customers , arrange it and making it more beautiful and worth of organizing the event. VIP GROUP has the team of individuals who can read the concept well and present it in more beautiful way . We believe in making customers satisfied while working in their idea. For any kind of event either its cultural , Organizational , professional or corporate we could fulfill your necessity and make your event successful and worth remembering by providing all equipment , human resource or any kind of . The process goes on 4 steps : • understanding the customer in this process we have a meeting with our customer to read and discuss about the idea they want to work about. We co-ordinally discuss and share information about the idea to make it better  • Presenting the idea to customer This second step is all about making the idea visible to customer.",
        "img":"../VIP-GROUP/images/img.JPG"
    },
    
    { 
        "service_title": "EVENT Organizing",
        "service_details":" Event Organizing is all about taking the concept of customers , arrange it and making it more beautiful and worth of organizing the event. VIP GROUP has the team of individuals who can read the concept well and present it in more beautiful way . We believe in making customers satisfied while working in their idea. For any kind of event either its cultural , Organizational , professional or corporate we could fulfill your necessity and make your event successful and worth remembering by providing all equipment , human resource or any kind of . The process goes on 4 steps : • understanding the customer in this process we have a meeting with our customer to read and discuss about the idea they want to work about. We co-ordinally discuss and share information about the idea to make it better  • Presenting the idea to customer This second step is all about making the idea visible to customer.",
        "img":""
    },
    
    { 
        "service_title": "Entrepreneurship & Business Program",
        "service_details":" Entrepreneurship & Business Program is all about taking the concept of customers , arrange it and making it more beautiful and worth of organizing the event. VIP GROUP has the team of individuals who can read the concept well and present it in more beautiful way . We believe in making customers satisfied while working in their idea. For any kind of event either its cultural , Organizational , professional or corporate we could fulfill your necessity and make your event successful and worth remembering by providing all equipment , human resource or any kind of . The process goes on 4 steps : • understanding the customer in this process we have a meeting with our customer to read and discuss about the idea they want to work about. We co-ordinally discuss and share information about the idea to make it better  • Presenting the idea to customer This second step is all about making the idea visible to customer.",
        "img":""
    }
]